<project name="PersonProps" basedir="." default="run">
  <property name="lib.dir" value="${basedir}"/>
  <path id="classpath">
    <fileset dir="${lib.dir}" includes="**/*.jar"/>
  </path>
  <target name="compile">
    <javac srcdir="${basedir}/converter" 
           classpathref="classpath"/>
  </target>
  <target name="run" depends="compile">
    <java fork="true" classname="Main">
      <classpath>
        <path refid="classpath"/>
	<pathelement location="${basedir}/converter"/>
      </classpath>
    </java>
  </target>
</project>
